[
  {"name":"Mew", "ability":"Synchronize", "level":"4", "image":"https://upload.wikimedia.org/wikipedia/en/4/4b/Pok%C3%A9mon_Mew_art.png"},
  {"name":"Eevee", "ability":"Run Away or Adaptability", "level":"7", "image":"https://upload.wikimedia.org/wikipedia/en/a/a9/Pok%C3%A9mon_Eevee_art.png"},
  {"name":"Pikachu", "ability":"Static, Lightning Rod", "level":"54", "image":"https://upload.wikimedia.org/wikipedia/en/a/a6/Pok%C3%A9mon_Pikachu_art.png"},
  {"name":"Jigglypuff", "ability":"Cute Charm or Competitive", "level":"8", "image":"https://upload.wikimedia.org/wikipedia/en/2/22/Pok%C3%A9mon_Jigglypuff_art.png"},
  {"name":"Psyduck", "ability":"Damp or Cloud Nine", "level":"23", "image":"https://upload.wikimedia.org/wikipedia/en/2/2d/Pok%C3%A9mon_Psyduck_art.png"},
  {"name":"Kadabra", "ability":"Synchronize or Inner Focus", "level":"6", "image":"https://upload.wikimedia.org/wikipedia/en/3/33/Kadabra_artwork.png"},
  {"name":"Squirtle", "ability":"Torrent", "level":"30", "image":"https://upload.wikimedia.org/wikipedia/en/5/59/Pok%C3%A9mon_Squirtle_art.png"},
  {"name":"Charmander", "ability":"Blaze", "level":"16", "image":"https://upload.wikimedia.org/wikipedia/en/a/a5/Pok%C3%A9mon_Charmander_art.png"},
  {"name":"Charizard", "ability":"Blaze, Solar Power", "level":"35", "image":"https://upload.wikimedia.org/wikipedia/en/1/1f/Pok%C3%A9mon_Charizard_art.png"},
  {"name":"Lapras", "ability":"Water Absorb or Shell Armor", "level":"2", "image":"https://upload.wikimedia.org/wikipedia/en/4/40/Pok%C3%A9mon_Lapras_art.png"},
  {"name":"Bulbasaur", "ability":"Overgrow", "level":"42", "image":"https://upload.wikimedia.org/wikipedia/en/2/28/Pok%C3%A9mon_Bulbasaur_art.png"},
  {"name":"Snorlax", "ability":"Immunity or Thick Fat", "level":"3", "image":"https://upload.wikimedia.org/wikipedia/en/3/3f/Pok%C3%A9mon_Snorlax_art.png"},
  {"name":"Meowth", "ability":"Pickup or Technician", "level":"29", "image":"https://upload.wikimedia.org/wikipedia/en/a/aa/Pok%C3%A9mon_Meowth_art.png"},
  {"name":"Mr. Mime", "ability":"Soundproof or Filter", "level":"8", "image":"https://upload.wikimedia.org/wikipedia/en/9/93/Pok%C3%A9mon_Mr._Mime_art.png"},
  {"name":"Jynx", "ability":"Oblivious or Forewarn", "level":"1", "image":"https://upload.wikimedia.org/wikipedia/en/a/af/Pok%C3%A9mon_Jynx_%28purple%29_art.png"} ]
